estado,data,casos
AC,2024-01-08,6620.0
AC,2024-01-15,4970.0
AC,2024-01-22,4630.0
AC,2024-01-29,3560.0
AC,2024-02-05,2550.0
AC,2024-02-12,1870.0
AC,2024-02-19,1390.0
AC,2024-02-26,1410.0
AC,2024-03-04,1230.0
AC,2024-03-11,1210.0
AC,2024-03-18,1160.0
AC,2024-03-25,740.0
AC,2024-04-01,920.0
AC,2024-04-08,780.0
AC,2024-04-15,800.0
AC,2024-04-22,940.0
AC,2024-04-29,720.0
AC,2024-05-06,620.0
AC,2024-05-13,510.0
AC,2024-05-20,300.0
AC,2024-05-27,340.0
AC,2024-06-03,380.0
AC,2024-06-10,210.0
AC,2024-06-17,220.0
AC,2024-06-24,200.0
AC,2024-07-01,230.0
AC,2024-07-08,230.0
AC,2024-07-15,210.0
AC,2024-07-22,210.0
AC,2024-07-29,150.0
AC,2024-08-05,240.0
AC,2024-08-12,260.0
AC,2024-08-19,210.0
AC,2024-08-26,180.0
AC,2024-09-02,170.0
AC,2024-09-09,190.0
AC,2024-09-16,290.0
AC,2024-09-23,290.0
AC,2024-09-30,360.0
AC,2024-10-07,640.0
AC,2024-10-14,680.0
AC,2024-10-21,690.0
AC,2024-10-28,880.0
AC,2024-11-04,930.0
AC,2024-11-11,870.0
AC,2024-11-18,1360.0
AC,2024-11-25,1770.0
AC,2024-12-02,1850.0
AC,2024-12-09,2520.0
AC,2024-12-16,3600.0
AC,2024-12-23,4030.0
AC,2024-12-30,1980.0
AC,2025-01-06,4960.0
AC,2025-01-13,5230.0
AC,2025-01-20,5130.0
AL,2024-01-08,650.0
AL,2024-01-15,590.0
AL,2024-01-22,600.0
AL,2024-01-29,680.0
AL,2024-02-05,1170.0
AL,2024-02-12,1430.0
AL,2024-02-19,2520.0
AL,2024-02-26,5030.0
AL,2024-03-04,5590.0
AL,2024-03-11,5110.0
AL,2024-03-18,5220.0
AL,2024-03-25,5520.0
AL,2024-04-01,4330.0
AL,2024-04-08,4780.0
AL,2024-04-15,5670.0
AL,2024-04-22,5310.0
AL,2024-04-29,5090.0
AL,2024-05-06,5370.0
AL,2024-05-13,5300.0
AL,2024-05-20,5920.0
AL,2024-05-27,5410.0
AL,2024-06-03,5540.0
AL,2024-06-10,5900.0
AL,2024-06-17,7150.0
AL,2024-06-24,7190.0
AL,2024-07-01,5960.0
AL,2024-07-08,7280.0
AL,2024-07-15,7800.0
AL,2024-07-22,6530.0
AL,2024-07-29,6320.0
AL,2024-08-05,4610.0
AL,2024-08-12,4240.0
AL,2024-08-19,3960.0
AL,2024-08-26,3060.0
AL,2024-09-02,2990.0
AL,2024-09-09,2460.0
AL,2024-09-16,2360.0
AL,2024-09-23,2360.0
AL,2024-09-30,1770.0
AL,2024-10-07,1520.0
AL,2024-10-14,1340.0
AL,2024-10-21,1170.0
AL,2024-10-28,980.0
AL,2024-11-04,990.0
AL,2024-11-11,880.0
AL,2024-11-18,720.0
AL,2024-11-25,680.0
AL,2024-12-02,510.0
AL,2024-12-09,560.0
AL,2024-12-16,530.0
AL,2024-12-23,530.0
AL,2024-12-30,360.0
AL,2025-01-06,630.0
AL,2025-01-13,710.0
AL,2025-01-20,570.0
AM,2024-01-08,5060.0
AM,2024-01-15,4660.0
AM,2024-01-22,6060.0
AM,2024-01-29,3770.0
AM,2024-02-05,3990.0
AM,2024-02-12,4810.0
AM,2024-02-19,4620.0
AM,2024-02-26,4440.0
AM,2024-03-04,4170.0
AM,2024-03-11,3760.0
AM,2024-03-18,3320.0
AM,2024-03-25,2340.0
AM,2024-04-01,1490.0
AM,2024-04-08,2140.0
AM,2024-04-15,1660.0
AM,2024-04-22,1480.0
AM,2024-04-29,1030.0
AM,2024-05-06,980.0
AM,2024-05-13,900.0
AM,2024-05-20,730.0
AM,2024-05-27,790.0
AM,2024-06-03,590.0
AM,2024-06-10,560.0
AM,2024-06-17,480.0
AM,2024-06-24,430.0
AM,2024-07-01,610.0
AM,2024-07-08,710.0
AM,2024-07-15,650.0
AM,2024-07-22,700.0
AM,2024-07-29,570.0
AM,2024-08-05,610.0
AM,2024-08-12,670.0
AM,2024-08-19,630.0
AM,2024-08-26,690.0
AM,2024-09-02,930.0
AM,2024-09-09,860.0
AM,2024-09-16,1090.0
AM,2024-09-23,740.0
AM,2024-09-30,650.0
AM,2024-10-07,640.0
AM,2024-10-14,850.0
AM,2024-10-21,780.0
AM,2024-10-28,920.0
AM,2024-11-04,1180.0
AM,2024-11-11,940.0
AM,2024-11-18,750.0
AM,2024-11-25,1360.0
AM,2024-12-02,930.0
AM,2024-12-09,1450.0
AM,2024-12-16,1260.0
AM,2024-12-23,990.0
AM,2024-12-30,560.0
AM,2025-01-06,1540.0
AM,2025-01-13,1610.0
AM,2025-01-20,1740.0
AP,2024-01-08,1400.0
AP,2024-01-15,2100.0
AP,2024-01-22,2170.0
AP,2024-01-29,1970.0
AP,2024-02-05,3370.0
AP,2024-02-12,3790.0
AP,2024-02-19,5230.0
AP,2024-02-26,5920.0
AP,2024-03-04,6700.0
AP,2024-03-11,5680.0
AP,2024-03-18,3590.0
AP,2024-03-25,3400.0
AP,2024-04-01,3650.0
AP,2024-04-08,4100.0
AP,2024-04-15,3200.0
AP,2024-04-22,3050.0
AP,2024-04-29,2090.0
AP,2024-05-06,2000.0
AP,2024-05-13,1760.0
AP,2024-05-20,1900.0
AP,2024-05-27,1580.0
AP,2024-06-03,1650.0
AP,2024-06-10,2030.0
AP,2024-06-17,2000.0
AP,2024-06-24,2060.0
AP,2024-07-01,1860.0
AP,2024-07-08,2900.0
AP,2024-07-15,2530.0
AP,2024-07-22,2660.0
AP,2024-07-29,2290.0
AP,2024-08-05,2980.0
AP,2024-08-12,2170.0
AP,2024-08-19,2000.0
AP,2024-08-26,1810.0
AP,2024-09-02,1300.0
AP,2024-09-09,1130.0
AP,2024-09-16,1010.0
AP,2024-09-23,1080.0
AP,2024-09-30,940.0
AP,2024-10-07,970.0
AP,2024-10-14,740.0
AP,2024-10-21,700.0
AP,2024-10-28,520.0
AP,2024-11-04,530.0
AP,2024-11-11,280.0
AP,2024-11-18,470.0
AP,2024-11-25,300.0
AP,2024-12-02,210.0
AP,2024-12-09,230.0
AP,2024-12-16,190.0
AP,2024-12-23,180.0
AP,2024-12-30,70.0
AP,2025-01-06,440.0
AP,2025-01-13,920.0
AP,2025-01-20,840.0
BA,2024-01-08,6560.0
BA,2024-01-15,7830.0
BA,2024-01-22,1015.0
BA,2024-01-29,1468.0
BA,2024-02-05,2687.0
BA,2024-02-12,3902.0
BA,2024-02-19,5673.0
BA,2024-02-26,10311.0
BA,2024-03-04,13992.0
BA,2024-03-11,15546.0
BA,2024-03-18,17439.0
BA,2024-03-25,18612.0
BA,2024-04-01,1698.0
BA,2024-04-08,19549.0
BA,2024-04-15,17721.0
BA,2024-04-22,15739.0
BA,2024-04-29,12402.0
BA,2024-05-06,10913.0
BA,2024-05-13,9667.0
BA,2024-05-20,7493.0
BA,2024-05-27,5749.0
BA,2024-06-03,3824.0
BA,2024-06-10,2931.0
BA,2024-06-17,2227.0
BA,2024-06-24,1561.0
BA,2024-07-01,1363.0
BA,2024-07-08,1262.0
BA,2024-07-15,1116.0
BA,2024-07-22,9650.0
BA,2024-07-29,7460.0
BA,2024-08-05,6870.0
BA,2024-08-12,5990.0
BA,2024-08-19,5400.0
BA,2024-08-26,4680.0
BA,2024-09-02,4080.0
BA,2024-09-09,3870.0
BA,2024-09-16,3960.0
BA,2024-09-23,3400.0
BA,2024-09-30,3250.0
BA,2024-10-07,2440.0
BA,2024-10-14,2800.0
BA,2024-10-21,3000.0
BA,2024-10-28,2900.0
BA,2024-11-04,3050.0
BA,2024-11-11,3320.0
BA,2024-11-18,3070.0
BA,2024-11-25,3650.0
BA,2024-12-02,4040.0
BA,2024-12-09,4230.0
BA,2024-12-16,4300.0
BA,2024-12-23,4040.0
BA,2024-12-30,2190.0
BA,2025-01-06,4750.0
BA,2025-01-13,5650.0
BA,2025-01-20,6730.0
CE,2024-01-08,660.0
CE,2024-01-15,740.0
CE,2024-01-22,1020.0
CE,2024-01-29,1420.0
CE,2024-02-05,1780.0
CE,2024-02-12,1760.0
CE,2024-02-19,2030.0
CE,2024-02-26,2820.0
CE,2024-03-04,4050.0
CE,2024-03-11,4470.0
CE,2024-03-18,4330.0
CE,2024-03-25,4590.0
CE,2024-04-01,4740.0
CE,2024-04-08,7520.0
CE,2024-04-15,8450.0
CE,2024-04-22,7770.0
CE,2024-04-29,6410.0
CE,2024-05-06,6520.0
CE,2024-05-13,5110.0
CE,2024-05-20,4470.0
CE,2024-05-27,4020.0
CE,2024-06-03,3420.0
CE,2024-06-10,3560.0
CE,2024-06-17,3720.0
CE,2024-06-24,2970.0
CE,2024-07-01,2390.0
CE,2024-07-08,2820.0
CE,2024-07-15,2300.0
CE,2024-07-22,1790.0
CE,2024-07-29,1390.0
CE,2024-08-05,1670.0
CE,2024-08-12,1820.0
CE,2024-08-19,1440.0
CE,2024-08-26,1220.0
CE,2024-09-02,900.0
CE,2024-09-09,910.0
CE,2024-09-16,940.0
CE,2024-09-23,810.0
CE,2024-09-30,830.0
CE,2024-10-07,520.0
CE,2024-10-14,610.0
CE,2024-10-21,650.0
CE,2024-10-28,540.0
CE,2024-11-04,350.0
CE,2024-11-11,450.0
CE,2024-11-18,450.0
CE,2024-11-25,790.0
CE,2024-12-02,600.0
CE,2024-12-09,470.0
CE,2024-12-16,350.0
CE,2024-12-23,380.0
CE,2024-12-30,80.0
CE,2025-01-06,230.0
CE,2025-01-13,510.0
CE,2025-01-20,700.0
DF,2024-01-08,8232.0
DF,2024-01-15,8502.0
DF,2024-01-22,12759.0
DF,2024-01-29,18867.0
DF,2024-02-05,22124.0
DF,2024-02-12,21655.0
DF,2024-02-19,21443.0
DF,2024-02-26,23123.0
DF,2024-03-04,21757.0
DF,2024-03-11,19022.0
DF,2024-03-18,17135.0
DF,2024-03-25,15291.0
DF,2024-04-01,10206.0
DF,2024-04-08,10447.0
DF,2024-04-15,9485.0
DF,2024-04-22,7331.0
DF,2024-04-29,5512.0
DF,2024-05-06,4332.0
DF,2024-05-13,358.0
DF,2024-05-20,3126.0
DF,2024-05-27,2758.0
DF,2024-06-03,1955.0
DF,2024-06-10,1339.0
DF,2024-06-17,8510.0
DF,2024-06-24,5670.0
DF,2024-07-01,2860.0
DF,2024-07-08,3280.0
DF,2024-07-15,2830.0
DF,2024-07-22,2080.0
DF,2024-07-29,2120.0
DF,2024-08-05,2410.0
DF,2024-08-12,2290.0
DF,2024-08-19,2500.0
DF,2024-08-26,2200.0
DF,2024-09-02,1840.0
DF,2024-09-09,1750.0
DF,2024-09-16,1870.0
DF,2024-09-23,1730.0
DF,2024-09-30,1970.0
DF,2024-10-07,1810.0
DF,2024-10-14,1680.0
DF,2024-10-21,1550.0
DF,2024-10-28,2020.0
DF,2024-11-04,2390.0
DF,2024-11-11,3340.0
DF,2024-11-18,3160.0
DF,2024-11-25,4720.0
DF,2024-12-02,3590.0
DF,2024-12-09,4030.0
DF,2024-12-16,3360.0
DF,2024-12-23,2980.0
DF,2024-12-30,1430.0
DF,2025-01-06,2910.0
DF,2025-01-13,3310.0
DF,2025-01-20,2870.0
ES,2024-01-08,1146.0
ES,2024-01-15,1415.0
ES,2024-01-22,2007.0
ES,2024-01-29,2466.0
ES,2024-02-05,3459.0
ES,2024-02-12,4304.0
ES,2024-02-19,6142.0
ES,2024-02-26,8514.0
ES,2024-03-04,10626.0
ES,2024-03-11,11199.0
ES,2024-03-18,11689.0
ES,2024-03-25,10721.0
ES,2024-04-01,8309.0
ES,2024-04-08,859.0
ES,2024-04-15,7228.0
ES,2024-04-22,6557.0
ES,2024-04-29,5359.0
ES,2024-05-06,4566.0
ES,2024-05-13,4656.0
ES,2024-05-20,4067.0
ES,2024-05-27,3238.0
ES,2024-06-03,2179.0
ES,2024-06-10,1722.0
ES,2024-06-17,1954.0
ES,2024-06-24,1694.0
ES,2024-07-01,144.0
ES,2024-07-08,1258.0
ES,2024-07-15,9790.0
ES,2024-07-22,8900.0
ES,2024-07-29,8110.0
ES,2024-08-05,6680.0
ES,2024-08-12,6040.0
ES,2024-08-19,5470.0
ES,2024-08-26,5420.0
ES,2024-09-02,4990.0
ES,2024-09-09,5050.0
ES,2024-09-16,4350.0
ES,2024-09-23,4560.0
ES,2024-09-30,4700.0
ES,2024-10-07,5090.0
ES,2024-10-14,4420.0
ES,2024-10-21,5810.0
ES,2024-10-28,6630.0
ES,2024-11-04,6100.0
ES,2024-11-11,8110.0
ES,2024-11-18,8550.0
ES,2024-11-25,121.0
ES,2024-12-02,1418.0
ES,2024-12-09,163.0
ES,2024-12-16,1833.0
ES,2024-12-23,2153.0
ES,2024-12-30,1894.0
ES,2025-01-06,1702.0
ES,2025-01-13,1874.0
ES,2025-01-20,1928.0
GO,2024-01-08,3527.0
GO,2024-01-15,3898.0
GO,2024-01-22,514.0
GO,2024-01-29,791.0
GO,2024-02-05,1166.0
GO,2024-02-12,13188.0
GO,2024-02-19,14999.0
GO,2024-02-26,17267.0
GO,2024-03-04,17801.0
GO,2024-03-11,17399.0
GO,2024-03-18,18424.0
GO,2024-03-25,1781.0
GO,2024-04-01,14491.0
GO,2024-04-08,1771.0
GO,2024-04-15,18162.0
GO,2024-04-22,18201.0
GO,2024-04-29,16493.0
GO,2024-05-06,1588.0
GO,2024-05-13,14183.0
GO,2024-05-20,11539.0
GO,2024-05-27,9013.0
GO,2024-06-03,6214.0
GO,2024-06-10,5237.0
GO,2024-06-17,4414.0
GO,2024-06-24,3268.0
GO,2024-07-01,2531.0
GO,2024-07-08,2324.0
GO,2024-07-15,1656.0
GO,2024-07-22,1301.0
GO,2024-07-29,122.0
GO,2024-08-05,1263.0
GO,2024-08-12,9830.0
GO,2024-08-19,9400.0
GO,2024-08-26,8510.0
GO,2024-09-02,7350.0
GO,2024-09-09,7470.0
GO,2024-09-16,7490.0
GO,2024-09-23,6660.0
GO,2024-09-30,5690.0
GO,2024-10-07,5780.0
GO,2024-10-14,6420.0
GO,2024-10-21,6440.0
GO,2024-10-28,7750.0
GO,2024-11-04,8890.0
GO,2024-11-11,9910.0
GO,2024-11-18,1139.0
GO,2024-11-25,1489.0
GO,2024-12-02,1508.0
GO,2024-12-09,1748.0
GO,2024-12-16,1592.0
GO,2024-12-23,1351.0
GO,2024-12-30,6570.0
GO,2025-01-06,1703.0
GO,2025-01-13,2456.0
GO,2025-01-20,2491.0
MA,2024-01-08,630.0
MA,2024-01-15,870.0
MA,2024-01-22,880.0
MA,2024-01-29,820.0
MA,2024-02-05,1300.0
MA,2024-02-12,2220.0
MA,2024-02-19,4080.0
MA,2024-02-26,6210.0
MA,2024-03-04,7600.0
MA,2024-03-11,8260.0
MA,2024-03-18,9590.0
MA,2024-03-25,1098.0
MA,2024-04-01,7680.0
MA,2024-04-08,8640.0
MA,2024-04-15,8000.0
MA,2024-04-22,6890.0
MA,2024-04-29,4700.0
MA,2024-05-06,4040.0
MA,2024-05-13,3410.0
MA,2024-05-20,2450.0
MA,2024-05-27,2220.0
MA,2024-06-03,1420.0
MA,2024-06-10,1130.0
MA,2024-06-17,1040.0
MA,2024-06-24,1080.0
MA,2024-07-01,670.0
MA,2024-07-08,520.0
MA,2024-07-15,470.0
MA,2024-07-22,290.0
MA,2024-07-29,350.0
MA,2024-08-05,310.0
MA,2024-08-12,360.0
MA,2024-08-19,270.0
MA,2024-08-26,270.0
MA,2024-09-02,320.0
MA,2024-09-09,230.0
MA,2024-09-16,270.0
MA,2024-09-23,270.0
MA,2024-09-30,190.0
MA,2024-10-07,190.0
MA,2024-10-14,160.0
MA,2024-10-21,230.0
MA,2024-10-28,190.0
MA,2024-11-04,320.0
MA,2024-11-11,220.0
MA,2024-11-18,300.0
MA,2024-11-25,310.0
MA,2024-12-02,260.0
MA,2024-12-09,280.0
MA,2024-12-16,330.0
MA,2024-12-23,140.0
MA,2024-12-30,110.0
MA,2025-01-06,280.0
MA,2025-01-13,530.0
MA,2025-01-20,750.0
MG,2024-01-08,16964.0
MG,2024-01-15,21901.0
MG,2024-01-22,33499.0
MG,2024-01-29,5052.0
MG,2024-02-05,69595.0
MG,2024-02-12,8371.0
MG,2024-02-19,96798.0
MG,2024-02-26,120058.0
MG,2024-03-04,126397.0
MG,2024-03-11,127009.0
MG,2024-03-18,12815.0
MG,2024-03-25,130964.0
MG,2024-04-01,99486.0
MG,2024-04-08,102507.0
MG,2024-04-15,93993.0
MG,2024-04-22,73924.0
MG,2024-04-29,58601.0
MG,2024-05-06,53564.0
MG,2024-05-13,44405.0
MG,2024-05-20,34325.0
MG,2024-05-27,25889.0
MG,2024-06-03,15098.0
MG,2024-06-10,10355.0
MG,2024-06-17,7541.0
MG,2024-06-24,5293.0
MG,2024-07-01,3739.0
MG,2024-07-08,2813.0
MG,2024-07-15,1969.0
MG,2024-07-22,1606.0
MG,2024-07-29,1094.0
MG,2024-08-05,1021.0
MG,2024-08-12,8480.0
MG,2024-08-19,8010.0
MG,2024-08-26,9140.0
MG,2024-09-02,7140.0
MG,2024-09-09,8190.0
MG,2024-09-16,7810.0
MG,2024-09-23,8730.0
MG,2024-09-30,8550.0
MG,2024-10-07,8910.0
MG,2024-10-14,8490.0
MG,2024-10-21,8460.0
MG,2024-10-28,1016.0
MG,2024-11-04,1119.0
MG,2024-11-11,1345.0
MG,2024-11-18,1527.0
MG,2024-11-25,199.0
MG,2024-12-02,2221.0
MG,2024-12-09,2462.0
MG,2024-12-16,2603.0
MG,2024-12-23,2229.0
MG,2024-12-30,1005.0
MG,2025-01-06,2634.0
MG,2025-01-13,3698.0
MG,2025-01-20,4906.0
MS,2024-01-08,2000.0
MS,2024-01-15,2680.0
MS,2024-01-22,3900.0
MS,2024-01-29,4750.0
MS,2024-02-05,4530.0
MS,2024-02-12,5630.0
MS,2024-02-19,8150.0
MS,2024-02-26,8170.0
MS,2024-03-04,8650.0
MS,2024-03-11,1018.0
MS,2024-03-18,1186.0
MS,2024-03-25,1183.0
MS,2024-04-01,1007.0
MS,2024-04-08,1073.0
MS,2024-04-15,1158.0
MS,2024-04-22,9480.0
MS,2024-04-29,9250.0
MS,2024-05-06,9650.0
MS,2024-05-13,1034.0
MS,2024-05-20,8720.0
MS,2024-05-27,4990.0
MS,2024-06-03,2760.0
MS,2024-06-10,2350.0
MS,2024-06-17,3260.0
MS,2024-06-24,2420.0
MS,2024-07-01,1390.0
MS,2024-07-08,830.0
MS,2024-07-15,460.0
MS,2024-07-22,370.0
MS,2024-07-29,430.0
MS,2024-08-05,510.0
MS,2024-08-12,280.0
MS,2024-08-19,270.0
MS,2024-08-26,300.0
MS,2024-09-02,240.0
MS,2024-09-09,160.0
MS,2024-09-16,230.0
MS,2024-09-23,400.0
MS,2024-09-30,360.0
MS,2024-10-07,340.0
MS,2024-10-14,370.0
MS,2024-10-21,360.0
MS,2024-10-28,300.0
MS,2024-11-04,380.0
MS,2024-11-11,390.0
MS,2024-11-18,320.0
MS,2024-11-25,400.0
MS,2024-12-02,400.0
MS,2024-12-09,420.0
MS,2024-12-16,730.0
MS,2024-12-23,590.0
MS,2024-12-30,350.0
MS,2025-01-06,1350.0
MS,2025-01-13,1980.0
MS,2025-01-20,2610.0
MT,2024-01-08,5540.0
MT,2024-01-15,6140.0
MT,2024-01-22,8730.0
MT,2024-01-29,1028.0
MT,2024-02-05,1294.0
MT,2024-02-12,1501.0
MT,2024-02-19,1644.0
MT,2024-02-26,1903.0
MT,2024-03-04,1795.0
MT,2024-03-11,1551.0
MT,2024-03-18,167.0
MT,2024-03-25,1633.0
MT,2024-04-01,1329.0
MT,2024-04-08,1856.0
MT,2024-04-15,1825.0
MT,2024-04-22,2056.0
MT,2024-04-29,2025.0
MT,2024-05-06,2322.0
MT,2024-05-13,2269.0
MT,2024-05-20,1805.0
MT,2024-05-27,1419.0
MT,2024-06-03,8140.0
MT,2024-06-10,9840.0
MT,2024-06-17,8470.0
MT,2024-06-24,8330.0
MT,2024-07-01,5740.0
MT,2024-07-08,5780.0
MT,2024-07-15,3880.0
MT,2024-07-22,2610.0
MT,2024-07-29,2990.0
MT,2024-08-05,2800.0
MT,2024-08-12,2170.0
MT,2024-08-19,1590.0
MT,2024-08-26,1460.0
MT,2024-09-02,1400.0
MT,2024-09-09,1450.0
MT,2024-09-16,1110.0
MT,2024-09-23,1370.0
MT,2024-09-30,750.0
MT,2024-10-07,950.0
MT,2024-10-14,810.0
MT,2024-10-21,810.0
MT,2024-10-28,950.0
MT,2024-11-04,1100.0
MT,2024-11-11,1280.0
MT,2024-11-18,1680.0
MT,2024-11-25,2200.0
MT,2024-12-02,2700.0
MT,2024-12-09,4160.0
MT,2024-12-16,4920.0
MT,2024-12-23,5770.0
MT,2024-12-30,3440.0
MT,2025-01-06,1011.0
MT,2025-01-13,1571.0
MT,2025-01-20,2038.0
PA,2024-01-08,1870.0
PA,2024-01-15,2410.0
PA,2024-01-22,3250.0
PA,2024-01-29,3940.0
PA,2024-02-05,6110.0
PA,2024-02-12,6830.0
PA,2024-02-19,106.0
PA,2024-02-26,1135.0
PA,2024-03-04,1217.0
PA,2024-03-11,1146.0
PA,2024-03-18,1164.0
PA,2024-03-25,1122.0
PA,2024-04-01,9450.0
PA,2024-04-08,1069.0
PA,2024-04-15,8770.0
PA,2024-04-22,8530.0
PA,2024-04-29,6750.0
PA,2024-05-06,5530.0
PA,2024-05-13,5300.0
PA,2024-05-20,4340.0
PA,2024-05-27,3510.0
PA,2024-06-03,2710.0
PA,2024-06-10,3370.0
PA,2024-06-17,3380.0
PA,2024-06-24,2880.0
PA,2024-07-01,2720.0
PA,2024-07-08,2560.0
PA,2024-07-15,2380.0
PA,2024-07-22,2110.0
PA,2024-07-29,1910.0
PA,2024-08-05,1990.0
PA,2024-08-12,1960.0
PA,2024-08-19,1570.0
PA,2024-08-26,1950.0
PA,2024-09-02,1630.0
PA,2024-09-09,1380.0
PA,2024-09-16,1650.0
PA,2024-09-23,1730.0
PA,2024-09-30,1340.0
PA,2024-10-07,1280.0
PA,2024-10-14,850.0
PA,2024-10-21,1090.0
PA,2024-10-28,1200.0
PA,2024-11-04,1280.0
PA,2024-11-11,1460.0
PA,2024-11-18,1590.0
PA,2024-11-25,2010.0
PA,2024-12-02,1480.0
PA,2024-12-09,1800.0
PA,2024-12-16,1960.0
PA,2024-12-23,1760.0
PA,2024-12-30,830.0
PA,2025-01-06,3020.0
PA,2025-01-13,4850.0
PA,2025-01-20,6660.0
PB,2024-01-08,540.0
PB,2024-01-15,930.0
PB,2024-01-22,980.0
PB,2024-01-29,910.0
PB,2024-02-05,1440.0
PB,2024-02-12,1560.0
PB,2024-02-19,3030.0
PB,2024-02-26,6300.0
PB,2024-03-04,8650.0
PB,2024-03-11,9960.0
PB,2024-03-18,9570.0
PB,2024-03-25,1006.0
PB,2024-04-01,6860.0
PB,2024-04-08,8190.0
PB,2024-04-15,7150.0
PB,2024-04-22,6490.0
PB,2024-04-29,4480.0
PB,2024-05-06,3690.0
PB,2024-05-13,3840.0
PB,2024-05-20,3600.0
PB,2024-05-27,3000.0
PB,2024-06-03,2230.0
PB,2024-06-10,2420.0
PB,2024-06-17,2570.0
PB,2024-06-24,1830.0
PB,2024-07-01,1930.0
PB,2024-07-08,2350.0
PB,2024-07-15,1880.0
PB,2024-07-22,2100.0
PB,2024-07-29,1900.0
PB,2024-08-05,2010.0
PB,2024-08-12,2150.0
PB,2024-08-19,2060.0
PB,2024-08-26,1590.0
PB,2024-09-02,1580.0
PB,2024-09-09,1540.0
PB,2024-09-16,1330.0
PB,2024-09-23,1220.0
PB,2024-09-30,1080.0
PB,2024-10-07,1040.0
PB,2024-10-14,1180.0
PB,2024-10-21,1220.0
PB,2024-10-28,1400.0
PB,2024-11-04,1290.0
PB,2024-11-11,1170.0
PB,2024-11-18,1140.0
PB,2024-11-25,1300.0
PB,2024-12-02,1150.0
PB,2024-12-09,1220.0
PB,2024-12-16,1300.0
PB,2024-12-23,990.0
PB,2024-12-30,720.0
PB,2025-01-06,870.0
PB,2025-01-13,960.0
PB,2025-01-20,1110.0
PE,2024-01-08,780.0
PE,2024-01-15,580.0
PE,2024-01-22,830.0
PE,2024-01-29,1130.0
PE,2024-02-05,1660.0
PE,2024-02-12,2370.0
PE,2024-02-19,4260.0
PE,2024-02-26,7540.0
PE,2024-03-04,9950.0
PE,2024-03-11,1159.0
PE,2024-03-18,1191.0
PE,2024-03-25,1196.0
PE,2024-04-01,9030.0
PE,2024-04-08,1205.0
PE,2024-04-15,1053.0
PE,2024-04-22,1154.0
PE,2024-04-29,9100.0
PE,2024-05-06,8460.0
PE,2024-05-13,7850.0
PE,2024-05-20,7680.0
PE,2024-05-27,7680.0
PE,2024-06-03,8250.0
PE,2024-06-10,8660.0
PE,2024-06-17,7890.0
PE,2024-06-24,6470.0
PE,2024-07-01,6850.0
PE,2024-07-08,7840.0
PE,2024-07-15,5820.0
PE,2024-07-22,6160.0
PE,2024-07-29,5010.0
PE,2024-08-05,3650.0
PE,2024-08-12,3720.0
PE,2024-08-19,3520.0
PE,2024-08-26,3040.0
PE,2024-09-02,2400.0
PE,2024-09-09,2820.0
PE,2024-09-16,2850.0
PE,2024-09-23,2870.0
PE,2024-09-30,2360.0
PE,2024-10-07,2130.0
PE,2024-10-14,2160.0
PE,2024-10-21,2280.0
PE,2024-10-28,2400.0
PE,2024-11-04,2310.0
PE,2024-11-11,2290.0
PE,2024-11-18,2170.0
PE,2024-11-25,2480.0
PE,2024-12-02,2580.0
PE,2024-12-09,2130.0
PE,2024-12-16,2270.0
PE,2024-12-23,2490.0
PE,2024-12-30,970.0
PE,2025-01-06,2010.0
PE,2025-01-13,2280.0
PE,2025-01-20,2140.0
PI,2024-01-08,880.0
PI,2024-01-15,1370.0
PI,2024-01-22,1090.0
PI,2024-01-29,1230.0
PI,2024-02-05,2130.0
PI,2024-02-12,3450.0
PI,2024-02-19,4610.0
PI,2024-02-26,7000.0
PI,2024-03-04,6790.0
PI,2024-03-11,8190.0
PI,2024-03-18,8730.0
PI,2024-03-25,7880.0
PI,2024-04-01,6350.0
PI,2024-04-08,8230.0
PI,2024-04-15,7480.0
PI,2024-04-22,7450.0
PI,2024-04-29,6840.0
PI,2024-05-06,5520.0
PI,2024-05-13,5980.0
PI,2024-05-20,6670.0
PI,2024-05-27,6200.0
PI,2024-06-03,4960.0
PI,2024-06-10,5320.0
PI,2024-06-17,4360.0
PI,2024-06-24,3200.0
PI,2024-07-01,2040.0
PI,2024-07-08,2010.0
PI,2024-07-15,1870.0
PI,2024-07-22,1890.0
PI,2024-07-29,1550.0
PI,2024-08-05,1180.0
PI,2024-08-12,1020.0
PI,2024-08-19,780.0
PI,2024-08-26,790.0
PI,2024-09-02,680.0
PI,2024-09-09,540.0
PI,2024-09-16,420.0
PI,2024-09-23,310.0
PI,2024-09-30,260.0
PI,2024-10-07,400.0
PI,2024-10-14,370.0
PI,2024-10-21,420.0
PI,2024-10-28,370.0
PI,2024-11-04,250.0
PI,2024-11-11,350.0
PI,2024-11-18,360.0
PI,2024-11-25,300.0
PI,2024-12-02,450.0
PI,2024-12-09,220.0
PI,2024-12-16,360.0
PI,2024-12-23,190.0
PI,2024-12-30,110.0
PI,2025-01-06,400.0
PI,2025-01-13,710.0
PI,2025-01-20,1040.0
PR,2024-01-08,5445.0
PR,2024-01-15,7036.0
PR,2024-01-22,9657.0
PR,2024-01-29,1174.0
PR,2024-02-05,12086.0
PR,2024-02-12,15127.0
PR,2024-02-19,20347.0
PR,2024-02-26,24529.0
PR,2024-03-04,26562.0
PR,2024-03-11,32683.0
PR,2024-03-18,3808.0
PR,2024-03-25,43672.0
PR,2024-04-01,42292.0
PR,2024-04-08,46102.0
PR,2024-04-15,45053.0
PR,2024-04-22,44323.0
PR,2024-04-29,34781.0
PR,2024-05-06,37205.0
PR,2024-05-13,39567.0
PR,2024-05-20,33185.0
PR,2024-05-27,21151.0
PR,2024-06-03,12256.0
PR,2024-06-10,7645.0
PR,2024-06-17,8227.0
PR,2024-06-24,6698.0
PR,2024-07-01,4213.0
PR,2024-07-08,2645.0
PR,2024-07-15,1312.0
PR,2024-07-22,1037.0
PR,2024-07-29,1098.0
PR,2024-08-05,8570.0
PR,2024-08-12,6670.0
PR,2024-08-19,4940.0
PR,2024-08-26,4930.0
PR,2024-09-02,3730.0
PR,2024-09-09,4640.0
PR,2024-09-16,5080.0
PR,2024-09-23,4510.0
PR,2024-09-30,4900.0
PR,2024-10-07,4770.0
PR,2024-10-14,4250.0
PR,2024-10-21,4860.0
PR,2024-10-28,5220.0
PR,2024-11-04,5910.0
PR,2024-11-11,5380.0
PR,2024-11-18,5870.0
PR,2024-11-25,7040.0
PR,2024-12-02,7000.0
PR,2024-12-09,7110.0
PR,2024-12-16,7570.0
PR,2024-12-23,7400.0
PR,2024-12-30,5180.0
PR,2025-01-06,1105.0
PR,2025-01-13,1373.0
PR,2025-01-20,1626.0
RJ,2024-01-08,4228.0
RJ,2024-01-15,4798.0
RJ,2024-01-22,6984.0
RJ,2024-01-29,8984.0
RJ,2024-02-05,11846.0
RJ,2024-02-12,1671.0
RJ,2024-02-19,22734.0
RJ,2024-02-26,27102.0
RJ,2024-03-04,26603.0
RJ,2024-03-11,24456.0
RJ,2024-03-18,22524.0
RJ,2024-03-25,18475.0
RJ,2024-04-01,12641.0
RJ,2024-04-08,14846.0
RJ,2024-04-15,12493.0
RJ,2024-04-22,10102.0
RJ,2024-04-29,8124.0
RJ,2024-05-06,7896.0
RJ,2024-05-13,7198.0
RJ,2024-05-20,5813.0
RJ,2024-05-27,4957.0
RJ,2024-06-03,2914.0
RJ,2024-06-10,259.0
RJ,2024-06-17,2109.0
RJ,2024-06-24,1726.0
RJ,2024-07-01,1414.0
RJ,2024-07-08,1164.0
RJ,2024-07-15,8480.0
RJ,2024-07-22,8660.0
RJ,2024-07-29,7360.0
RJ,2024-08-05,6630.0
RJ,2024-08-12,5410.0
RJ,2024-08-19,4640.0
RJ,2024-08-26,4980.0
RJ,2024-09-02,4290.0
RJ,2024-09-09,5130.0
RJ,2024-09-16,5830.0
RJ,2024-09-23,4200.0
RJ,2024-09-30,3920.0
RJ,2024-10-07,3590.0
RJ,2024-10-14,3550.0
RJ,2024-10-21,3280.0
RJ,2024-10-28,3980.0
RJ,2024-11-04,3770.0
RJ,2024-11-11,4160.0
RJ,2024-11-18,3290.0
RJ,2024-11-25,2990.0
RJ,2024-12-02,3740.0
RJ,2024-12-09,3800.0
RJ,2024-12-16,4070.0
RJ,2024-12-23,2920.0
RJ,2024-12-30,1510.0
RJ,2025-01-06,5570.0
RJ,2025-01-13,6980.0
RJ,2025-01-20,7370.0
RN,2024-01-08,1180.0
RN,2024-01-15,1200.0
RN,2024-01-22,1430.0
RN,2024-01-29,1310.0
RN,2024-02-05,1550.0
RN,2024-02-12,2130.0
RN,2024-02-19,3910.0
RN,2024-02-26,7480.0
RN,2024-03-04,9240.0
RN,2024-03-11,1176.0
RN,2024-03-18,1276.0
RN,2024-03-25,1141.0
RN,2024-04-01,8770.0
RN,2024-04-08,9940.0
RN,2024-04-15,8890.0
RN,2024-04-22,7810.0
RN,2024-04-29,6270.0
RN,2024-05-06,4960.0
RN,2024-05-13,4880.0
RN,2024-05-20,3930.0
RN,2024-05-27,3360.0
RN,2024-06-03,2570.0
RN,2024-06-10,2330.0
RN,2024-06-17,2240.0
RN,2024-06-24,2190.0
RN,2024-07-01,2790.0
RN,2024-07-08,3100.0
RN,2024-07-15,2630.0
RN,2024-07-22,2690.0
RN,2024-07-29,2000.0
RN,2024-08-05,2250.0
RN,2024-08-12,2180.0
RN,2024-08-19,1870.0
RN,2024-08-26,1470.0
RN,2024-09-02,1350.0
RN,2024-09-09,1360.0
RN,2024-09-16,1220.0
RN,2024-09-23,1330.0
RN,2024-09-30,1220.0
RN,2024-10-07,890.0
RN,2024-10-14,1250.0
RN,2024-10-21,1150.0
RN,2024-10-28,1020.0
RN,2024-11-04,1340.0
RN,2024-11-11,1160.0
RN,2024-11-18,980.0
RN,2024-11-25,920.0
RN,2024-12-02,1100.0
RN,2024-12-09,1080.0
RN,2024-12-16,1200.0
RN,2024-12-23,1220.0
RN,2024-12-30,530.0
RN,2025-01-06,640.0
RN,2025-01-13,890.0
RN,2025-01-20,1030.0
RO,2024-01-08,890.0
RO,2024-01-15,960.0
RO,2024-01-22,1570.0
RO,2024-01-29,1680.0
RO,2024-02-05,1840.0
RO,2024-02-12,2290.0
RO,2024-02-19,2840.0
RO,2024-02-26,5430.0
RO,2024-03-04,5440.0
RO,2024-03-11,5940.0
RO,2024-03-18,4610.0
RO,2024-03-25,3550.0
RO,2024-04-01,1590.0
RO,2024-04-08,2050.0
RO,2024-04-15,1350.0
RO,2024-04-22,1540.0
RO,2024-04-29,1290.0
RO,2024-05-06,770.0
RO,2024-05-13,690.0
RO,2024-05-20,550.0
RO,2024-05-27,310.0
RO,2024-06-03,270.0
RO,2024-06-10,320.0
RO,2024-06-17,330.0
RO,2024-06-24,340.0
RO,2024-07-01,250.0
RO,2024-07-08,280.0
RO,2024-07-15,210.0
RO,2024-07-22,210.0
RO,2024-07-29,190.0
RO,2024-08-05,230.0
RO,2024-08-12,220.0
RO,2024-08-19,140.0
RO,2024-08-26,200.0
RO,2024-09-02,150.0
RO,2024-09-09,60.0
RO,2024-09-16,160.0
RO,2024-09-23,100.0
RO,2024-09-30,80.0
RO,2024-10-07,40.0
RO,2024-10-14,70.0
RO,2024-10-21,110.0
RO,2024-10-28,80.0
RO,2024-11-04,120.0
RO,2024-11-11,100.0
RO,2024-11-18,180.0
RO,2024-11-25,140.0
RO,2024-12-02,160.0
RO,2024-12-09,240.0
RO,2024-12-16,180.0
RO,2024-12-23,220.0
RO,2024-12-30,20.0
RO,2025-01-06,330.0
RO,2025-01-13,300.0
RO,2025-01-20,330.0
RR,2024-01-08,30.0
RR,2024-01-15,60.0
RR,2024-01-22,50.0
RR,2024-01-29,150.0
RR,2024-02-05,70.0
RR,2024-02-12,60.0
RR,2024-02-19,220.0
RR,2024-02-26,160.0
RR,2024-03-04,70.0
RR,2024-03-11,150.0
RR,2024-03-18,180.0
RR,2024-03-25,90.0
RR,2024-04-01,60.0
RR,2024-04-08,120.0
RR,2024-04-15,60.0
RR,2024-04-22,140.0
RR,2024-04-29,100.0
RR,2024-05-06,90.0
RR,2024-05-13,110.0
RR,2024-05-20,220.0
RR,2024-05-27,350.0
RR,2024-06-03,330.0
RR,2024-06-10,370.0
RR,2024-06-17,460.0
RR,2024-06-24,310.0
RR,2024-07-01,290.0
RR,2024-07-08,230.0
RR,2024-07-15,250.0
RR,2024-07-22,140.0
RR,2024-07-29,170.0
RR,2024-08-05,130.0
RR,2024-08-12,280.0
RR,2024-08-19,170.0
RR,2024-08-26,120.0
RR,2024-09-02,210.0
RR,2024-09-09,100.0
RR,2024-09-16,80.0
RR,2024-09-23,90.0
RR,2024-09-30,140.0
RR,2024-10-07,90.0
RR,2024-10-14,130.0
RR,2024-10-21,40.0
RR,2024-10-28,40.0
RR,2024-11-04,60.0
RR,2024-11-11,70.0
RR,2024-11-18,40.0
RR,2024-11-25,20.0
RR,2024-12-02,40.0
RR,2024-12-09,40.0
RR,2024-12-16,40.0
RR,2024-12-23,30.0
RR,2024-12-30,10.0
RR,2025-01-06,40.0
RR,2025-01-13,50.0
RR,2025-01-20,60.0
RS,2024-01-08,3490.0
RS,2024-01-15,4670.0
RS,2024-01-22,7890.0
RS,2024-01-29,1251.0
RS,2024-02-05,1685.0
RS,2024-02-12,2695.0
RS,2024-02-19,4466.0
RS,2024-02-26,5803.0
RS,2024-03-04,7244.0
RS,2024-03-11,10074.0
RS,2024-03-18,12045.0
RS,2024-03-25,14367.0
RS,2024-04-01,15562.0
RS,2024-04-08,18724.0
RS,2024-04-15,2112.0
RS,2024-04-22,21474.0
RS,2024-04-29,1884.0
RS,2024-05-06,1585.0
RS,2024-05-13,14218.0
RS,2024-05-20,14458.0
RS,2024-05-27,4223.0
RS,2024-06-03,3643.0
RS,2024-06-10,2215.0
RS,2024-06-17,2786.0
RS,2024-06-24,2796.0
RS,2024-07-01,1646.0
RS,2024-07-08,8240.0
RS,2024-07-15,3470.0
RS,2024-07-22,3100.0
RS,2024-07-29,2750.0
RS,2024-08-05,2470.0
RS,2024-08-12,1580.0
RS,2024-08-19,1370.0
RS,2024-08-26,1240.0
RS,2024-09-02,1120.0
RS,2024-09-09,1330.0
RS,2024-09-16,1340.0
RS,2024-09-23,1030.0
RS,2024-09-30,1250.0
RS,2024-10-07,1140.0
RS,2024-10-14,960.0
RS,2024-10-21,1180.0
RS,2024-10-28,1130.0
RS,2024-11-04,1280.0
RS,2024-11-11,1340.0
RS,2024-11-18,1140.0
RS,2024-11-25,900.0
RS,2024-12-02,1410.0
RS,2024-12-09,1230.0
RS,2024-12-16,860.0
RS,2024-12-23,970.0
RS,2024-12-30,470.0
RS,2025-01-06,1300.0
RS,2025-01-13,1650.0
RS,2025-01-20,1770.0
SC,2024-01-08,5290.0
SC,2024-01-15,7080.0
SC,2024-01-22,1114.0
SC,2024-01-29,1456.0
SC,2024-02-05,2183.0
SC,2024-02-12,3863.0
SC,2024-02-19,6504.0
SC,2024-02-26,9661.0
SC,2024-03-04,12523.0
SC,2024-03-11,14705.0
SC,2024-03-18,17812.0
SC,2024-03-25,24642.0
SC,2024-04-01,25716.0
SC,2024-04-08,28224.0
SC,2024-04-15,3027.0
SC,2024-04-22,29614.0
SC,2024-04-29,25324.0
SC,2024-05-06,21981.0
SC,2024-05-13,23147.0
SC,2024-05-20,20156.0
SC,2024-05-27,9966.0
SC,2024-06-03,6198.0
SC,2024-06-10,4454.0
SC,2024-06-17,4266.0
SC,2024-06-24,3461.0
SC,2024-07-01,2129.0
SC,2024-07-08,1176.0
SC,2024-07-15,5860.0
SC,2024-07-22,4010.0
SC,2024-07-29,4460.0
SC,2024-08-05,3710.0
SC,2024-08-12,2720.0
SC,2024-08-19,2000.0
SC,2024-08-26,1890.0
SC,2024-09-02,850.0
SC,2024-09-09,740.0
SC,2024-09-16,780.0
SC,2024-09-23,840.0
SC,2024-09-30,980.0
SC,2024-10-07,990.0
SC,2024-10-14,1090.0
SC,2024-10-21,1110.0
SC,2024-10-28,1210.0
SC,2024-11-04,1310.0
SC,2024-11-11,1340.0
SC,2024-11-18,1570.0
SC,2024-11-25,1400.0
SC,2024-12-02,1440.0
SC,2024-12-09,2440.0
SC,2024-12-16,3330.0
SC,2024-12-23,2520.0
SC,2024-12-30,2110.0
SC,2025-01-06,3280.0
SC,2025-01-13,3410.0
SC,2025-01-20,3280.0
SE,2024-01-08,180.0
SE,2024-01-15,260.0
SE,2024-01-22,160.0
SE,2024-01-29,160.0
SE,2024-02-05,270.0
SE,2024-02-12,230.0
SE,2024-02-19,510.0
SE,2024-02-26,960.0
SE,2024-03-04,970.0
SE,2024-03-11,780.0
SE,2024-03-18,870.0
SE,2024-03-25,660.0
SE,2024-04-01,690.0
SE,2024-04-08,1030.0
SE,2024-04-15,730.0
SE,2024-04-22,610.0
SE,2024-04-29,680.0
SE,2024-05-06,500.0
SE,2024-05-13,490.0
SE,2024-05-20,470.0
SE,2024-05-27,450.0
SE,2024-06-03,520.0
SE,2024-06-10,690.0
SE,2024-06-17,650.0
SE,2024-06-24,420.0
SE,2024-07-01,400.0
SE,2024-07-08,380.0
SE,2024-07-15,490.0
SE,2024-07-22,410.0
SE,2024-07-29,370.0
SE,2024-08-05,360.0
SE,2024-08-12,250.0
SE,2024-08-19,240.0
SE,2024-08-26,370.0
SE,2024-09-02,180.0
SE,2024-09-09,240.0
SE,2024-09-16,190.0
SE,2024-09-23,110.0
SE,2024-09-30,100.0
SE,2024-10-07,230.0
SE,2024-10-14,110.0
SE,2024-10-21,150.0
SE,2024-10-28,100.0
SE,2024-11-04,80.0
SE,2024-11-11,130.0
SE,2024-11-18,30.0
SE,2024-11-25,50.0
SE,2024-12-02,100.0
SE,2024-12-09,70.0
SE,2024-12-16,60.0
SE,2024-12-23,30.0
SE,2024-12-30,20.0
SE,2025-01-06,100.0
SE,2025-01-13,80.0
SE,2025-01-20,60.0
SP,2024-01-08,7207.0
SP,2024-01-15,9072.0
SP,2024-01-22,13377.0
SP,2024-01-29,19149.0
SP,2024-02-05,23087.0
SP,2024-02-12,31277.0
SP,2024-02-19,43734.0
SP,2024-02-26,55093.0
SP,2024-03-04,69459.0
SP,2024-03-11,8276.0
SP,2024-03-18,98654.0
SP,2024-03-25,129646.0
SP,2024-04-01,122536.0
SP,2024-04-08,138549.0
SP,2024-04-15,153934.0
SP,2024-04-22,146806.0
SP,2024-04-29,140082.0
SP,2024-05-06,145041.0
SP,2024-05-13,156246.0
SP,2024-05-20,145856.0
SP,2024-05-27,108817.0
SP,2024-06-03,68882.0
SP,2024-06-10,44498.0
SP,2024-06-17,40944.0
SP,2024-06-24,3324.0
SP,2024-07-01,22412.0
SP,2024-07-08,14531.0
SP,2024-07-15,9876.0
SP,2024-07-22,7438.0
SP,2024-07-29,6257.0
SP,2024-08-05,5291.0
SP,2024-08-12,4272.0
SP,2024-08-19,3679.0
SP,2024-08-26,3263.0
SP,2024-09-02,2826.0
SP,2024-09-09,3065.0
SP,2024-09-16,3022.0
SP,2024-09-23,2876.0
SP,2024-09-30,2902.0
SP,2024-10-07,2862.0
SP,2024-10-14,2612.0
SP,2024-10-21,2943.0
SP,2024-10-28,2882.0
SP,2024-11-04,3171.0
SP,2024-11-11,3163.0
SP,2024-11-18,3608.0
SP,2024-11-25,4494.0
SP,2024-12-02,5127.0
SP,2024-12-09,6526.0
SP,2024-12-16,8279.0
SP,2024-12-23,8296.0
SP,2024-12-30,5403.0
SP,2025-01-06,18749.0
SP,2025-01-13,22955.0
SP,2025-01-20,26574.0
TO,2024-01-08,330.0
TO,2024-01-15,490.0
TO,2024-01-22,550.0
TO,2024-01-29,570.0
TO,2024-02-05,1000.0
TO,2024-02-12,1060.0
TO,2024-02-19,1120.0
TO,2024-02-26,1440.0
TO,2024-03-04,2100.0
TO,2024-03-11,2260.0
TO,2024-03-18,2340.0
TO,2024-03-25,2650.0
TO,2024-04-01,2300.0
TO,2024-04-08,2410.0
TO,2024-04-15,2970.0
TO,2024-04-22,3130.0
TO,2024-04-29,2450.0
TO,2024-05-06,2160.0
TO,2024-05-13,1840.0
TO,2024-05-20,1860.0
TO,2024-05-27,1470.0
TO,2024-06-03,1190.0
TO,2024-06-10,700.0
TO,2024-06-17,590.0
TO,2024-06-24,510.0
TO,2024-07-01,390.0
TO,2024-07-08,320.0
TO,2024-07-15,120.0
TO,2024-07-22,130.0
TO,2024-07-29,90.0
TO,2024-08-05,170.0
TO,2024-08-12,80.0
TO,2024-08-19,90.0
TO,2024-08-26,70.0
TO,2024-09-02,130.0
TO,2024-09-09,60.0
TO,2024-09-16,120.0
TO,2024-09-23,130.0
TO,2024-09-30,40.0
TO,2024-10-07,50.0
TO,2024-10-14,60.0
TO,2024-10-21,70.0
TO,2024-10-28,120.0
TO,2024-11-04,60.0
TO,2024-11-11,140.0
TO,2024-11-18,90.0
TO,2024-11-25,210.0
TO,2024-12-02,160.0
TO,2024-12-09,190.0
TO,2024-12-16,230.0
TO,2024-12-23,180.0
TO,2024-12-30,50.0
TO,2025-01-06,300.0
TO,2025-01-13,600.0
TO,2025-01-20,590.0
